"BAS_LOC_RM","X..Macrophyte","Depth","Width","Current","Canopy","Temp","pH","DO","Conduct","X.Sat","ChlA","LandUse.pct_natural.wetland","X1_Epifaunal_Substrate.Available_Cover","X2_Pool_Substrate_Characterization","X3_Pool_Variability","X4_Sediment_Deposition","X5_Channel_Flow_Status","X6_Channel_Alteration","X7_Channel_Sinuosity","X8_LB_Stability","X8_RB_Stability","X9_LB_Vegetative_Protection","X9_RB_Vegetative_Protection","X10_LB_Riparian_Zone_Width","X10_RB_Riparian_Zone_Width","STORAGE","DRNAREA","PRECIP","PRJUNAUG00","X..slope","ElevDS","TOC_Percent","Grainsize_total_phi"
"01-BLKE-0.1",10,0.3,NA,NA,NA,NA,NA,NA,NA,NA,NA,52.45,9,9,8,11,8,13,8,10,10,9,9,8,8,1.481764389,14.96334159,37.81498,10.13742519,0.1641,174.4206055,5.1793,NA
"01-FISN-2.4",100,0.3,4,0,100,20.8,7.4,2.27,2132,25.5,NA,65.28,5,13,10,6,15,10,0,10,10,9,9,3,3,4.872852338,2.53736317,33.03311,9.246480306,0.2148858,185.7374609,7.4297,NA
"01-GILL-0.3",NA,0.7,4,0.3,NA,24.4,8.8,11.74,476,1.4,NA,26.96,10,10,10,5,11,10,4,8,8,8,8,5,5,4.909907191,12.15822909,33.24277,9.138653534,0.1451533,172.62,NA,NA
"01-GOTC-0.2",80,0.2,3,29,NA,21.5,7.8,12.5,2108,142,NA,37.72,4,3,3,7,16,2,2,9,9,8,8,10,2,1.279605228,18.15416913,38.16666,10.50946456,0.2746234,176.5302539,0.9843,2.2
"01-LSIS-2.0",40,0.3,20,1,NA,20.7,7.5,3.6,909,40.6,NA,64.99,17,14,15,13,19,15,13,9,8,9,8,6,10,0.388267002,6.633456829,37.46873,11.17457873,0.476164,187.4138867,4.1916,1.4
"01-MURD-20.0",70,0.2,5,0.07,NA,21,7.5,7,636,79,NA,42.21,17,18,17,15,17,15,17,6,9,10,10,9,2,1.44383356,27.31371385,37.1883,10.98934251,0.6279581,257.6992188,NA,NA
"01-PION-0.9",20,0.5,4,0,NA,22.2,7.8,4.7,711,54,NA,40.92,12,16,6,13,12,13,14,5,5,6,6,10,10,0.272698107,0.722158634,37.1293,11.26263778,0.6349706,182.3599414,NA,NA
"01-PLUT_N_T4-1.0",40,0.2,1,0.1,5,23.1,7.5,5.6,664,66,1.9,41.88,10,5,5,18,20,17,12,8,9,10,10,4,8,0.168896662,3.223610804,38.84257,10.8081181,0.3563749,215.3832617,7.2,1.19
"01-STYB_T5-0.3",0,0.1,0.3,0.4,45,17.79,7.2,6.9,282,72.7,1.39,48.02,17,6,13,9,19,18,12,4,3,3,3,9,9,0.187822195,2.898790013,36.97288,12.17709841,1.4568058,431.67,17.8641,2.65
"01-TONA-103.5",0,0.3,1.5,38,NA,15,8.1,10.2,487,101,NA,43.86,18,19,17,15,18,13,18,9,9,10,3,9,8,2.124626746,3.142366992,40.81194,12.48555511,1.8655489,440.43,NA,NA
"03-BEAG-1.8",10,1,4,2,96,19,7.78,4.69,820,49,NA,39.26,7,8,1,6,12,15,9,8,7,7,8,4,6,0.036477183,17.57241092,29.17767,9.342751959,0.2894178,80.69212891,2.5316,1.55
"03-CHMO-8.6",100,1,15,10,0,23,7.2,1.2,506,13,NA,44.57,15,10,7,5,17,15,13,8,8,8,8,8,8,2.427754638,18.90335755,35.59425,9.715838573,0.2569661,81.2945459,15.1013,NA
"03-EMIL_E_T6-0.4",100,0.2,1,0,2,16.47,7.33,7.19,802,73.8,3.49,31.4,11,5,2,17,14,7,3,8,7,3,3,2,1,0,0.268676065,35.71944,10.08620865,0.4212612,182.1973242,3.7807,1.2
"03-FOMI-5.5",50,0.2,2,15,44,21.8,7.4,4.7,908,54,NA,41.85,10,11,6,17,13,15,10,8,8,9,8,9,7,2.00376125,3.449463967,32.18466,9.242775581,0.9506388,95.78919922,4.3137,1.06
"03-FOMI_S-0.1",0,0.2,3,0,88,23,7.7,6,834,71,NA,51.21,10,15,5,11,13,15,13,6,6,4,4,10,9,2.411537451,6.026985675,31.92402,9.207673219,0.7000362,90.26,2.5253,1.77
"03-GUFF-1.8",100,0.3,5,10,2,24.6,6.9,1.7,373,20,NA,39.12,17,5,3,7,17,17,10,7,7,8,8,10,10,0.095465986,3.1144877,36.43493,10.29103149,0.3643622,80.65975586,3.5842,1.6
"03-HRTB-2.2",20,0.2,3,70,NA,22,7.7,7.1,718,80,NA,27.67,14,16,8,12,17,13,9,6,8,5,8,2,2,3.847670983,5.579835799,42.16973,11.23046456,0.6685383,193.2015039,NA,2.05
"03-JEDO_T3-0.4",10,0.2,0.4,0.2,3,18.35,8.06,10.69,879,113,2.19,17.2,16,5,5,15,18,17,6,8,8,7,7,3,3,0.291800409,0.132330106,34.30976,9.902720462,0.7734921,139.93,1.8,1.27
"03-JOHN-13.7",10,3,15,5,86,25,8.13,6.6,694,82.7,NA,36.42,12,2,1,12,16,12,8,3,3,5,5,3,6,1.995938631,77.12586252,33.69204,9.799964557,0.2778464,96.02445313,7.4236,1.59
"03-LSAM_N-7.9",NA,0.5,15,20,23,20.8,7.5,10.4,97,116,NA,94.48,NA,NA,NA,NA,NA,NA,NA,NA,NA,NA,NA,NA,NA,18.41430248,16.98072892,46.83226,12.17212203,0.25864,152.9382129,1.4028,3.02
"03-MIDL-2.4",40,0.6,3,10,36,19.3,7.73,3.61,939,39.3,NA,28.46,15,8,2,8,18,14,4,6,6,4,4,3,3,1.265357877,4.415701562,36.12111,10.09706692,0.1880673,186.87,8.7209,1.38
"03-SAND_T21-4.0",10,0.3,1,0,NA,18.8,6.8,5.03,95,54.5,NA,94.55,14,14,16,15,19,20,20,9,10,10,10,10,10,10.30138792,1.054431923,49.51247,13.25257479,0.7377948,443.6957031,3.6145,1.98
"03-TELV-12.8",40,0.3,3,0,55,24.5,7.4,5.1,739,61,NA,49.15,11,11,6,9,14,15,8,7,7,9,9,10,10,2.217195492,3.789653121,32.61198,9.377964557,0.9781205,97.26,8.9463,NA
"03-YANT_T1c-0.2",80,0.12,1,10,52,18,7.46,6.45,779,68.6,NA,33.81,3,3,5,3,10,17,10,5,6,3,6,2,4,0.712423495,2.769664868,29.25615,9.43976377,0.3158295,91.74416016,1.4257,1.83
"04-BLAK_T7-3.0",30,0.3,4,0.05,40,25.2,7.4,10.2,970,115,5,38.72,14,8,10,12,18,15,15,5,7,8,8,6,2,2.746955345,1.712143826,30.01618,9.830543297,0.1244864,170.4656836,7.5949,NA
"04-JCOX-4.6",10,0.4,12,0,25,21.58,8.09,10.95,837,125,3.9,18.7,8,3,5,15,19,19,5,8,8,8,8,8,8,0.039466008,4.50069093,29.60532,10.2316929,0.817419,225.781582,5.2224,1.31
"04-OATK-46.2",NA,0.3,12,33,48,22.2,7.7,6.2,574,71,NA,42.03,13,12,16,8,11,16,14,5,7,5,5,4,4,0.443448948,52.06303474,37.25412,11.77170471,0.7986044,292.79,NA,NA
"04-SPRG-10.1",70,0.5,3,0.1,27,22.14,7.44,3.05,722,35.2,5.35,16.99,10,8,12,9,18,18,12,9,9,9,9,9,9,0.207845212,6.130818665,30.29496,10.60601967,0.5454294,278.9096875,14.0206,NA
"05-CAMB-11.2",10,0.2,2,10,36,19,6.7,7.5,136,82,2.9,53.97,17,15,16,14,18,18,18,9,9,9,9,9,9,2.181603774,0.851361008,32.05731,11.06744093,6.9216778,474.7926562,6.4516,NA
"05-WINI_T2-1.2",25,0.09,1.5,0,8,13.6,7.1,5.9,380,57,0.29,83.55,10,6,5,14,16,12,6,4,7,6,7,4,7,0.006382209,5.445227469,32.40351,10.90638582,2.9376817,274.02,2.7864,1.41
"06-FABS-5.0",20,0.5,12,70,15,14.55,7.66,10.82,560,106.2,0.14,35.45,19,12,18,7,19,19,16,9,9,9,9,9,9,2.087696443,4.683180594,41.70818,11.77131889,1.8893621,388.0762891,7.3814,1.53
"06-FLYS-0.7",50,0.7,8,40,99,14.73,7.71,10.74,393,106,2.17,42.65,13,8,14,3,18,18,18,9,9,9,7,9,7,1.14388555,7.59529243,40.45046,11.20072834,2.0033039,310.478418,18.4466,1.74
"06-MADB-0.1",10,0.7,7,0.4,93,13.89,7.13,8.8,211,85,0.42,66.79,15,13,13,16,19,18,10,10,10,5,6,5,5,0.287031545,6.901322,39.64382,11.37061022,2.2247285,314.898457,2.2648,1.37
"06-NING-7.7",50,0.6,3,0.4,25,16.89,6.87,8.79,84,90.7,NA,88.73,13,14,15,14,19,19,18,10,10,10,10,10,10,2.120902244,7.854237773,43.99854,11.63549211,1.9044922,354.8241016,10.1392,1.32
"07-BUTL-3.5",NA,0.8,8,0.2,80,22.1,7.8,7.2,610,82,3.1,42.64,10,10,10,18,20,15,15,10,9,10,9,5,10,3.936602637,8.103182095,38.78546,10.42505511,0.1137502,120.4805273,2.621,3.17
"07-HARB-0.5",40,0.8,3,10,30,14.49,7.61,10.25,2085,99.6,0.06,32.69,6,6,11,6,18,1,1,8,8,4,5,2,7,0.401753222,12.04304359,38.26933,11.37973227,1.5303081,114.1302051,0.6525,NA
"07-MUDE-4.4",10,0.24,1,0.4,33,14.43,7.47,8.2,470,80.5,2.19,33.74,14,18,15,17,19,14,15,9,9,6,9,2,8,5.975122388,23.36307905,39.35633,11.27944093,0.0989243,112.0150293,4.1667,1.62
"07-MUSK-0.5",40,0.8,8,40,5,21.8,7.35,4.93,508,57.1,2.75,33.88,14,12,13,8,14,18,13,9,9,8,8,8,7,12.17058492,21.59042712,39.38835,10.72528345,0.1490208,115.5461914,19.5519,1.2
"07-ONON_W_T7-1.5",40,0.15,0.5,NA,2,19.47,7.79,8.04,817,87.4,1.02,6.4,14,8,6,9,19,19,8,9,9,6,10,4,10,0.898793401,0.313622737,38.34002,11.42439369,1.0530205,278.6197852,5.5102,1.18
"07-POBK_T4-1.5",10,0.1,1,0.5,70,21.6,7.5,6.8,1478,77,0.8,5.74,10,6,10,10,15,13,12,7,7,8,8,9,2,0,0.793980635,32.81026,10.31139763,0.4359294,143.4099805,2.8112,1.89
"07-WBOT-0.3",40,0.6,4,30,5,19.9,7.74,7.7,1145,84.5,1.62,43.24,15,9,14,10,14,15,10,7,8,8,6,9,4,4.601884206,14.11182613,37.96749,11.14631495,0.6298754,118.2227734,6.841,NA
"08-BARE_T5-0.5",25,0.5,8,60,17,19,5.9,6.9,70,75,2,92.2,16,17,17,18,18,18,17,10,10,10,10,10,10,17.01285662,5.922766546,46.90959,13.1060866,1.1957957,425.8644922,2.0677,1.86
"08-BLAC-2.5",0,0.5,3,0,15,15.34,6.97,9.39,59,93.9,NA,88.92,10,13,13,12,19,17,11,8,5,7,6,7,3,7.403428781,17.64936858,40.86979,11.91527558,0.9868433,247.1276758,0.5102,2.38
"09-ALLE-1.9",0,0.1,1,0,100,18.67,6.87,2.6,290,28,NA,74.65,14,8,6,10,16,15,6,8,8,9,9,10,10,2.724581876,10.18856864,35.40052,11.87460235,1.0147309,97.3678418,0.9836,2.09
"09-BLCH-0.2",20,1.2,6,0,15,22.83,7.26,6.02,164,69.6,NA,97.59,8,6,7,11,19,19,8,10,10,9,9,8,7,15.48667226,12.15691622,40.78155,11.45140944,0.3250836,238.5142578,5.2336,2.36
"09-BRND-2.5",10,0.5,12,0.1,35,13.9,7.7,11,309,107,NA,72.6,11,13,13,12,13,16,12,6,4,8,5,8,6,29.68886128,34.43799296,32.76117,10.62967715,0.0840547,73.04677246,NA,NA
"09-CEDL-0.1",30,1,2.5,0,0,21.73,7,4.53,339,51.6,NA,89.34,12,7,10,7,19,20,15,10,10,10,10,10,10,12.21252588,4.756662996,38.9747,11.87645274,0.8152285,175.2599023,23.4086,NA
"09-ENGL-17.6",10,1,2.5,10,1,20.05,6.54,4.2,111,47.2,NA,93.78,12,16,11,16,19,20,6,10,10,7,7,4,9,50.69222207,1.110074667,34.09286,11.6847244,0.620022,330.7538672,7.6321,1.26
"09-FARR-3.1",30,1.5,5,10,0,20.12,7.52,7.31,213,80.9,NA,74.02,7,7,11,8,6,19,19,7,7,8,8,10,10,0.860862071,19.80348801,34.13517,12.26739369,1.2497079,89.54195313,2.1869,2.52
"09-JEWT-3.1",10,1,20,0,10,13.4,7,3.4,350,34,NA,60.45,12,13,12,14,14,15,16,7,8,3,4,3,1,7.878388598,16.64563681,35.74549,9.516208652,0.2456736,83.94491211,NA,NA
"09-LSAL_T1-1.0",50,0.1,0.5,0,0,17,7.4,8,573,82,NA,39.32,11,7,5,15,7,17,11,8,8,5,5,9,9,0,1.169269896,32.43691,11.45802755,0.4579065,54.61140137,NA,NA
"09-LSUK-11.3",0,0.5,2.5,0,20,21.54,7.18,6.21,345,70.9,NA,83.46,13,11,11,7,20,18,16,7,8,5,7,8,8,21.02311686,1.576840444,32.68139,10.60596456,0.2970381,93.12398438,5.915,1.74
"09-PIKC-8.7",20,0.5,5,10,NA,19.1,7.7,8.2,211,87,NA,90.64,13,11,12,12,13,16,15,4,3,1,2,5,7,16.63480974,10.54532319,32.40916,11.14496849,0.3013704,60.74590332,NA,NA
"09-PLMB-12.4",20,0.4,6,20,53,15.9,7,8.9,65,90,NA,96.82,17,17,13,8,9,20,16,7,5,8,5,6,10,3.641691084,15.31330009,40.52044,12.54295274,1.3639224,272.8524609,NA,NA
"09-SCKE-16.4",100,0.5,2,0,0,14.2,7.11,14.19,564,137.2,NA,49.33,4,6,11,10,20,20,14,10,10,8,8,9,9,9.288862677,2.487975891,32.77705,10.12650393,0.2357729,96.88211914,NA,NA
"09-TRAY-2.9",80,0.5,3,0,0,22.38,7.36,5.87,284,67.7,NA,78.53,12,14,15,11,19,18,19,5,8,4,8,0,9,6.319768735,12.15529443,36.76796,11.24099211,0.6997214,112.6177441,1.3944,2.39
"09-WSCK-3.4",50,0.5,10,0,10,14.6,7.4,6,2003,59,NA,36.93,14,13,15,12,15,16,13,5,4,5,4,7,9,0.927165731,6.863480301,39.20128,10.34039763,0.5609241,129.5539258,NA,NA
"10-ARNO-0.1",0,0.5,4.5,10,15,22.54,7.77,8.02,286,93,NA,69.4,9,14,13,15,19,18,13,7,7,9,7,9,7,2.760491296,11.07576342,29.43087,10.42713385,2.4430088,84.12,0.53,2.43
"10-COLW-0.7",0,0.7,4,20,0,21.79,7.57,8.56,166,97.6,0.45,93.57,10,8,11,13,19,17,7,8,8,5,5,7,7,1.380593455,12.1413934,30.69747,11.17412597,2.3475364,107.8832422,0.2004,2
"10-MILC-6.3",0,0.3,4,20,11,20.04,7.17,8.75,82,96.7,0.47,95.94,18,16,17,15,19,18,15,9,9,8,8,7,9,2.320321733,9.083011811,35.25267,12.63895274,2.915502,284.7150977,0.5068,1.5
"10-NSAR_T7-0.8",10,0.1,0.2,20,8,21,6.73,6.94,71,77.8,NA,99.14,10,5,6,4,19,19,16,9,9,8,8,9,8,0.081841228,1.934444503,34.98938,12.59182282,4.8258035,386.7183984,39.0625,NA
"10-PUTM_T5-0.3",10,0.5,2,30,95,19.45,6.97,7.37,136,80.5,0,95.1,19,15,16,17,19,19,17,8,8,8,8,9,9,0.641709475,2.352788351,35.51971,12.24473621,1.8864641,298.75,3.1936,2.35
"10-TWOB-3.6",70,0.3,4,50,2,22.35,6.83,7.37,120,84.8,NA,90.49,14,12,12,15,19,18,7,9,9,9,9,9,9,7.964595863,17.35462808,36.35372,13.03884251,0.385374,471.4256641,1.2903,2.77
"10-URIL-0.4",10,0.5,3.5,10,22,23.98,7.55,7.19,314,85.7,NA,78.38,13,8,14,10,19,14,14,6,5,7,6,9,7,3.89388192,13.20293029,30.29178,10.6628307,1.3455211,80.64415039,0.9381,1.73
"11-GORN-6.0",25,0.6,1.5,40,6.4,16.79,7.47,10.14,310,104,1.7,74.73,18,15,13,6,14,20,18,9,9,9,9,10,10,4.107549483,3.968049704,37.85392,11.66791337,1.1031125,139.8200293,8.9069,2.24
"11-SRUN-3.8",NA,0.45,4.5,70,32,15,7.3,9.6,1309,96,0.25,38.27,16,4,8,16,17,16,17,7,8,8,8,9,4,2.617317602,9.576344006,37.16244,11.73423227,1.1717611,66.76477539,2.1825,2.72
"12-ALPL_T11-2.1",60,0.15,1,10,58.4,18.52,7.06,8.62,285,92.3,1.02,78.35,16,13,3,16,17,13,6,9,9,9,8,9,9,5.027642016,0.963882142,36.5558,11.72256692,1.4679361,162.7858496,6.6132,1.48
"12-BARK-0.6",60,0.25,1,15,NA,17.3,7.55,7.58,604,79,NA,38.59,8,15,10,16,12,16,10,10,10,8,8,7,8,0.567620928,1.721102269,39.08182,11.98641337,3.4286382,326.639668,NA,NA
"12-TEET-0.8",5,5.5,3.5,10,11.6,15.73,4.35,8.12,18,81.7,1.11,99.3,17,17,16,15,19,18,11,9,9,9,9,7,10,6.802618328,3.067494487,50.86155,13.40068109,3.6374634,502.7307031,2.1739,1.39
"13-QKER-1.0",10,0.3,4,0.2,75,26.3,7.5,8.7,517,107,NA,40.55,15,10,10,5,20,15,13,7,8,6,7,3,4,2.85215515,27.27336224,40.67611,12.5764055,0.8037457,116.4216699,33.6152,1.26
"13-SPRO-9.2",0,25,7,30,15,17.45,8.04,11.73,414,119,1.74,63.75,10,10,6,14,18,18,6,6,6,6,6,5,5,3.138902847,33.65880148,40.17674,12.81546062,0.851831,87.84648438,6.3717,1.67
"13-WALK_T25-1.5",10,0.1,3,0.1,0,21.4,7.4,9.2,340,104,NA,28.73,5,5,6,10,20,12,9,10,10,10,10,7,6,2.212754261,1.404776554,39.0448,12.4778307,1.9114035,102.0517188,8.9069,2.24
"13-WBLKK-8.9",20,6.75,2.5,0,53.2,16.98,6.88,5.77,398,59.4,8.75,68.78,17,16,16,4,20,19,10,9,9,10,10,10,9,0.272070218,6.528619876,39.73555,11.01760629,4.0445,100.1584668,6.11,NA
"14-HURL-2.8",10,0.5,5,0.1,42,17.4,7.3,9.6,147,100,NA,77.66,13,13,10,19,20,16,12,9,9,9,9,2,5,6.857052919,4.416049088,45.43404,13.4455866,1.1315915,407.6646875,1.7928,2
"14-WLAK-5.8",20,0.1,3,0.3,0,18.5,6.5,8.2,208,88,NA,80.88,12,11,9,10,20,18,20,10,10,10,10,2,10,13.07366247,6.841354491,42.55136,12.78054723,0.7420065,368.3144922,2.3762,2.51
"15-HACK-3.3",0,1,10,0.1,22,22.9,7.3,5.1,538,56,NA,29.12,13,8,18,11,20,13,20,8,8,7,7,10,10,8.45307118,32.42076009,47.5304,13.10482676,0.6653709,16.5037793,10.5906,2.39
"15-MAWA-3.7",0,0.9,6,0.05,80,19.8,7.6,7.2,483,72,NA,69.34,15,18,17,18,19,20,20,9,9,9,9,10,5,2.995517272,13.17933715,49.91603,14.01492125,1.9007125,96.9353418,1.1952,1.74
"15-RAMA-13.7",0,0.6,8,0.1,45,23.1,7.5,9.1,1140,107,NA,50.04,12,16,15,17,17,18,17,10,7,9,9,10,10,2.723620371,16.84847605,48.3144,13.33041337,0.8339348,154.4274609,3.0596,1.58
"16-AMEN_T2-1.1",10,70,8,20,20,16.23,7.74,10.04,533,101.1,1.18,48.46,8,10,11,13,19,18,5,9,9,8,0,7,0,3.942544262,3.201716678,42.75128,12.71518503,1.8010152,165.8095312,2.8099,1.51
"16-BOGH-0.3",50,60,3,0,10,17.7,6.96,8.16,161,84.6,0.74,96.38,17,12,15,5,19,20,13,9,9,10,10,10,10,6.281040689,3.389843983,46.17987,13.17732676,2.2687083,160.7669629,6.4579,1.88
"16-WEBA-23.3",10,0.6,3,90,2,17.02,6.87,5.33,258,55.1,0.74,57.67,15,16,16,8,19,16,12,9,9,9,9,9,9,7.514959738,6.272300284,42.92651,13.24696455,6.1447166,229.8878711,3.2129,1.08
"16-WEBA_T4-1.3",10,0.5,1.5,140,3.5,13.75,7.29,10.74,424,103.6,0.04,74.55,15,16,14,15,17,18,10,9,9,9,7,7,9,1.565625614,3.339452741,41.87642,12.83854329,2.3717401,185.8255078,3.6458,1.18
"17-BRWN-0.9",20,0.3,15,20,95,16.98,6.01,11.6,288,120,NA,1.09,19,18,17,18,20,13,12,8,5,10,10,9,2,0,3.685472606,42.7649,0,0.3916061,1.83,2.2609,1.56
"17-BVDC-0.4",30,0.05,1.75,70,78,17.38,6.12,11.62,275,121,NA,45.44,16,15,4,10,13,15,11,8,7,5,10,7,5,0,1.955643578,43.26608,0,0.522141,1.79893845,1.751,1.5
"17-CARL-0.8",10,0.5,4,0.7,61,21.39,2.2,9.55,240,108.3,NA,11.87,12,13,15,19,15,10,4,8,10,6,4,4,3,0,37.06714156,41.90969,0,0.2592855,1.41036102,0.3339,1.05
"17-CARM-12.9",70,0.4,10,0.1,87,15.8,4.55,7.8,218,78,NA,25.66,20,14,14,10,20,19,14,9,9,10,8,10,10,0,66.6975783,43.04639,0,0.1046164,12.92592407,3.9106,2
"17-CARM-9.0",80,0.6,10,30,20,20.5,6.5,7.3,202,81,NA,28.75,14,18,14,16,20,14,12,10,10,10,10,10,10,0,73.05892242,43.06649,0,0.1060949,5.70322632,1.0703,1.73
"17-GREN-0.8",10,0.1,1.5,0.2,100,15.8,5.9,8.5,230,86,NA,1.17,10,6,6,11,18,14,4,10,10,10,10,10,10,0,6.804323685,42.71776,0,0.4785583,2.90047455,1.5314,1.38
"17-MASS-1.2",60,0.5,10,0.2,20,22,6.2,9.2,388,106,NA,12.89,16,0,8,10,20,15,15,10,10,10,10,10,10,0,39.21647286,41.58998,0,0.4948722,3.15051453,1.4311,1.41
"17-MBUR-2.1",10,0.2,2.5,0.05,36,19.5,6.6,7.4,573,81,NA,0.26,8,14,7,12,18,17,18,7,7,4,4,10,10,0,4.460648233,41.11692,0,0.1921333,5.58829285,0.8,1.3
"17-MUDL-1.4",20,0.2,8,0.5,65,16.1,6.06,12.7,320,128,NA,14.5,14,10,10,18,18,16,18,8,8,9,9,8,8,0,4.348860764,43.15518,0,0.3913402,2.16420029,1.5968,2.01
"17-NISS-4.7",10,0.4,25,70,3,21.9,6.8,9.5,179,108,NA,12.99,10,13,13,15,18,14,10,5,8,6,5,2,3,0,27.10245677,42.3824,0,0.2401534,3.54,2.5641,1.57
"17-NISS_E-2.6",0,0.2,3,70,80,15.8,5.98,6.7,522,68,NA,9.13,7,7,11,9,14,15,12,9,7,8,8,5,8,0,6.193527766,42.52418,0,0.347151,11.54543579,0.6048,1.79
"17-PECN-8.9",10,0.5,10,20,5,25.28,6.11,12.48,63,151,NA,58.55,19,16,19,12,18,17,18,10,8,10,10,10,10,0,58.40758178,43.73132,11.44839369,0.1419195,7.91828186,1.8762,2.17
"17-SAMP-2.1",10,0.1,6,20,85,15.93,6.04,9.13,262,93.4,NA,13.99,4,7,6,7,14,13,12,8,6,8,5,7,2,0,20.70408184,42.10355,0,0.2702972,7.39168396,0.7937,1.88
"17-TERR-0.2",10,0.1,0.3,10,100,17.84,6.11,11.32,127,119,NA,37.37,8,17,0,18,20,17,18,10,10,10,10,10,10,0,1.930235579,43.86559,0,0.9130742,5.15082947,NA,1.48
